GEO.id,GEO.id2,GEO.display-label,HD01_VD01,HD02_VD01,HD01_VD02,HD02_VD02,HD01_VD03,HD02_VD03,HD01_VD04,HD02_VD04,HD01_VD05,HD02_VD05,HD01_VD06,HD02_VD06,HD01_VD07,HD02_VD07,HD01_VD08,HD02_VD08,HD01_VD09,HD02_VD09,HD01_VD10,HD02_VD10,HD01_VD11,HD02_VD11,HD01_VD12,HD02_VD12,HD01_VD13,HD02_VD13,HD01_VD14,HD02_VD14,HD01_VD15,HD02_VD15,HD01_VD16,HD02_VD16,HD01_VD17,HD02_VD17,HD01_VD18,HD02_VD18,HD01_VD19,HD02_VD19,HD01_VD20,HD02_VD20,HD01_VD21,HD02_VD21
Id,Id2,Geography,Estimate; Total:,Margin of Error; Total:,Estimate; Income in the past 12 months below the poverty level:,Margin of Error; Income in the past 12 months below the poverty level:,Estimate; Income in the past 12 months below the poverty level: - Enrolled in school:,Margin of Error; Income in the past 12 months below the poverty level: - Enrolled in school:,"Estimate; Income in the past 12 months below the poverty level: - Enrolled in school: - Enrolled in nursery school, preschool","Margin of Error; Income in the past 12 months below the poverty level: - Enrolled in school: - Enrolled in nursery school, preschool",Estimate; Income in the past 12 months below the poverty level: - Enrolled in school: - Enrolled in kindergarten,Margin of Error; Income in the past 12 months below the poverty level: - Enrolled in school: - Enrolled in kindergarten,Estimate; Income in the past 12 months below the poverty level: - Enrolled in school: - Enrolled in grade 1 to grade 4,Margin of Error; Income in the past 12 months below the poverty level: - Enrolled in school: - Enrolled in grade 1 to grade 4,Estimate; Income in the past 12 months below the poverty level: - Enrolled in school: - Enrolled in grade 5 to grade 8,Margin of Error; Income in the past 12 months below the poverty level: - Enrolled in school: - Enrolled in grade 5 to grade 8,Estimate; Income in the past 12 months below the poverty level: - Enrolled in school: - Enrolled in grade 9 to grade 12,Margin of Error; Income in the past 12 months below the poverty level: - Enrolled in school: - Enrolled in grade 9 to grade 12,Estimate; Income in the past 12 months below the poverty level: - Enrolled in school: - Enrolled in college undergraduate years,Margin of Error; Income in the past 12 months below the poverty level: - Enrolled in school: - Enrolled in college undergraduate years,Estimate; Income in the past 12 months below the poverty level: - Enrolled in school: - Enrolled in graduate or professional school,Margin of Error; Income in the past 12 months below the poverty level: - Enrolled in school: - Enrolled in graduate or professional school,Estimate; Income in the past 12 months below the poverty level: - Not enrolled in school,Margin of Error; Income in the past 12 months below the poverty level: - Not enrolled in school,Estimate; Income in the past 12 months at or above the poverty level:,Margin of Error; Income in the past 12 months at or above the poverty level:,Estimate; Income in the past 12 months at or above the poverty level: - Enrolled in school:,Margin of Error; Income in the past 12 months at or above the poverty level: - Enrolled in school:,"Estimate; Income in the past 12 months at or above the poverty level: - Enrolled in school: - Enrolled in nursery school, preschool","Margin of Error; Income in the past 12 months at or above the poverty level: - Enrolled in school: - Enrolled in nursery school, preschool",Estimate; Income in the past 12 months at or above the poverty level: - Enrolled in school: - Enrolled in kindergarten,Margin of Error; Income in the past 12 months at or above the poverty level: - Enrolled in school: - Enrolled in kindergarten,Estimate; Income in the past 12 months at or above the poverty level: - Enrolled in school: - Enrolled in grade 1 to grade 4,Margin of Error; Income in the past 12 months at or above the poverty level: - Enrolled in school: - Enrolled in grade 1 to grade 4,Estimate; Income in the past 12 months at or above the poverty level: - Enrolled in school: - Enrolled in grade 5 to grade 8,Margin of Error; Income in the past 12 months at or above the poverty level: - Enrolled in school: - Enrolled in grade 5 to grade 8,Estimate; Income in the past 12 months at or above the poverty level: - Enrolled in school: - Enrolled in grade 9 to grade 12,Margin of Error; Income in the past 12 months at or above the poverty level: - Enrolled in school: - Enrolled in grade 9 to grade 12,Estimate; Income in the past 12 months at or above the poverty level: - Enrolled in school: - Enrolled in college undergraduate years,Margin of Error; Income in the past 12 months at or above the poverty level: - Enrolled in school: - Enrolled in college undergraduate years,Estimate; Income in the past 12 months at or above the poverty level: - Enrolled in school: - Enrolled in graduate or professional school,Margin of Error; Income in the past 12 months at or above the poverty level: - Enrolled in school: - Enrolled in graduate or professional school,Estimate; Income in the past 12 months at or above the poverty level: - Not enrolled in school,Margin of Error; Income in the past 12 months at or above the poverty level: - Not enrolled in school
0100000US,,United States,301570562,17632,43034736,254657,15667994,110765,875345,10159,904240,11832,3403119,38769,3073694,28896,2963331,24448,3745623,20980,702642,6516,27366742,148027,258535826,260533,62357932,186497,3986309,28051,3162576,18681,12652289,38011,13128100,31885,13810208,32276,12230237,45155,3388213,29543,196177894,83618
0400000US05,05,Arkansas,2779898,1906,490049,8527,174607,4293,12888,897,11226,946,40310,1674,36055,1403,32036,1367,37342,1865,4750,611,315442,5584,2289849,8616,528602,4797,35878,1334,28273,1127,114173,2186,114035,2159,120772,1643,92539,2299,22932,1223,1761247,6288
9700000US0500001,0500001,"DeWitt School District, Arkansas",8364,256,1537,257,423,149,28,36,75,49,94,61,60,35,61,52,105,49,0,16,1114,171,6827,300,1394,165,188,94,68,36,243,89,260,60,455,104,153,55,27,19,5433,261
9700000US0500006,0500006,"Warren School District, Arkansas",8009,314,2174,382,736,186,39,44,50,38,145,78,162,75,229,97,103,63,8,14,1438,257,5835,340,1119,203,108,78,30,27,363,120,190,78,155,79,206,93,67,46,4716,281
9700000US0500009,0500009,"Corning Public Schools, Arkansas",6175,289,1604,304,540,183,44,36,23,26,156,64,143,81,141,69,33,20,0,16,1064,192,4571,395,776,180,72,47,7,9,148,57,161,81,255,83,130,60,3,7,3795,302
9700000US0500012,0500012,"Riverside School District, Arkansas",4251,427,762,216,213,94,13,13,10,11,38,26,106,64,21,23,18,15,7,10,549,144,3489,394,832,156,26,24,81,50,144,64,175,65,338,101,50,26,18,16,2657,313
9700000US0500015,0500015,"Sheridan School District, Arkansas",25744,804,2976,618,736,245,34,33,42,28,209,115,214,122,125,61,103,70,9,16,2240,483,22768,936,5817,537,288,123,327,142,1462,256,1335,279,1194,193,1099,358,112,64,16951,647
9700000US0500016,0500016,"Marmaduke School District, Arkansas",3850,372,621,195,207,116,6,7,35,37,84,58,24,24,21,21,34,32,3,6,414,116,3229,364,871,172,37,44,53,51,214,65,243,72,163,70,142,65,19,27,2358,278
9700000US0500017,0500017,"Paragould School District, Arkansas",19007,1189,3138,627,962,337,104,76,156,140,225,120,143,72,131,80,203,123,0,21,2176,384,15869,1166,3835,542,362,108,157,95,927,239,552,170,986,241,724,228,127,80,12034,835
9700000US0500019,0500019,"Batesville School District, Arkansas",18722,892,3345,534,1048,225,190,116,92,67,190,103,207,90,168,85,188,97,13,21,2297,385,15377,956,3587,455,301,119,204,94,752,180,649,175,941,212,520,164,220,112,11790,709
9700000US0500020,0500020,"Midland School District, Arkansas",3477,601,440,174,59,46,3,5,2,4,20,27,6,9,25,28,3,5,0,11,381,154,3037,586,870,320,40,38,0,11,269,154,299,144,165,100,97,94,0,11,2167,345
9700000US0500021,0500021,"Izard Cty Consolidated Schools, Arkansas",4352,393,978,192,272,107,24,22,2,4,52,43,48,37,120,66,26,24,0,11,706,152,3374,386,359,127,16,16,19,21,39,29,39,27,125,69,117,78,4,5,3015,337
9700000US0500023,0500023,"Newport School District, Arkansas",7951,558,2438,390,1016,212,149,75,86,50,278,103,236,78,156,63,111,63,0,18,1422,253,5513,564,906,229,122,69,49,40,232,85,171,82,213,85,58,33,61,47,4607,440
9700000US0500026,0500026,"Pine Bluff School District, Arkansas",26543,835,6903,836,2536,456,166,89,79,57,584,141,730,204,545,163,432,185,0,21,4367,537,19640,1045,4537,609,238,118,299,145,713,226,879,214,1069,214,1051,268,288,132,15103,673
9700000US0500028,0500028,"Star City School District, Arkansas",7304,695,1234,315,369,149,42,48,38,25,86,59,59,44,77,48,67,57,0,16,865,221,6070,692,1403,258,131,78,31,31,383,126,294,98,344,79,168,89,52,47,4667,563
9700000US0500029,0500029,"Gosnell School District, Arkansas",5543,400,703,313,277,202,0,16,32,48,65,67,1,4,62,71,117,129,0,16,426,179,4840,486,1176,218,118,59,121,85,279,118,235,86,274,119,119,73,30,39,3664,386
9700000US0500030,0500030,"Nevada School District, Arkansas",3241,332,498,159,151,84,0,11,3,6,20,38,9,12,78,71,41,41,0,11,347,117,2743,294,559,144,48,24,14,20,122,64,164,76,132,58,78,48,1,3,2184,261
9700000US0500032,0500032,"Bearden School District, Arkansas",2845,360,628,231,221,125,38,46,4,7,73,70,8,15,52,45,46,49,0,11,407,169,2217,395,431,144,20,28,44,39,113,79,85,58,40,22,89,57,40,50,1786,304
9700000US0500041,0500041,"Western Yell County School District, Arkansas",2551,396,458,175,161,94,5,8,0,11,45,34,50,35,61,56,0,11,0,11,297,100,2093,383,375,150,43,35,8,10,91,39,97,81,100,53,25,22,11,13,1718,301
9700000US0500042,0500042,"Hamburg School District, Arkansas",8154,434,1756,352,464,164,15,25,25,32,175,90,87,53,137,85,25,25,0,16,1292,268,6398,517,1437,243,126,57,126,65,264,89,377,130,334,109,196,92,14,16,4961,379
9700000US0500043,0500043,"Mountain Home School District, Arkansas",31317,714,3409,564,805,267,73,66,44,65,148,90,126,90,131,79,231,112,52,78,2604,394,27908,868,4845,485,360,147,146,101,1329,258,905,219,1077,150,942,262,86,59,23063,708
9700000US0500044,0500044,"Magnolia School District, Arkansas",18318,593,4832,616,2095,352,150,106,59,44,447,148,305,135,363,132,687,236,84,78,2737,424,13486,675,2510,370,120,60,212,86,349,129,421,147,751,132,576,181,81,73,10976,569
9700000US0500045,0500045,"Rivercrest School District, Arkansas",5158,359,1238,242,355,122,27,17,30,25,130,56,79,40,76,38,13,11,0,16,883,165,3920,324,816,157,119,69,40,24,167,57,156,54,233,70,88,37,13,11,3104,249
9700000US0500046,0500046,"Manila School District, Arkansas",4610,414,1112,344,315,167,0,11,0,11,198,128,27,45,68,89,22,27,0,11,797,225,3498,508,843,266,46,53,4,8,135,78,261,197,229,98,152,90,16,24,2655,325
9700000US0500047,0500047,"Trumann Schools, Arkansas",9171,439,1775,407,669,202,12,15,21,32,302,106,150,83,143,72,41,37,0,16,1106,288,7396,489,1425,261,37,39,67,54,243,102,453,151,402,121,153,80,70,60,5971,348
9700000US0500048,0500048,"East Poinsett County School District, Arkansas",3468,317,1029,214,342,106,25,20,23,19,62,33,101,44,106,49,25,26,0,11,687,157,2439,264,504,121,41,30,49,26,91,41,120,49,135,55,60,33,8,9,1935,199
9700000US0500049,0500049,"De Queen School District, Arkansas",13361,452,2783,535,1056,275,48,35,166,104,366,135,238,97,115,57,123,104,0,18,1727,338,10578,652,2951,323,319,138,151,82,601,144,806,154,574,131,459,147,41,37,7627,435
9700000US0500051,0500051,"Palestine-Wheatley School District, Arkansas",2335,225,387,143,89,53,2,5,7,10,24,21,15,17,18,13,23,21,0,11,298,101,1948,215,479,87,13,15,39,30,81,33,75,42,153,54,106,50,12,11,1469,182
9700000US0500065,0500065,"Lafayette County School District, Arkansas",4995,278,1322,228,376,98,70,35,37,41,92,52,55,33,46,28,76,38,0,16,946,198,3673,279,536,135,28,21,14,12,114,45,101,48,152,63,105,59,22,18,3137,225
9700000US0500067,0500067,"Cleveland County School District, Arkansas",4825,355,949,209,363,136,12,15,18,20,74,53,77,46,125,62,46,33,11,18,586,145,3876,336,854,165,61,36,23,34,183,50,158,70,289,78,98,63,42,32,3022,252
9700000US0500068,0500068,"Emerson-Taylor-Bradley School District, Arkansas",4848,547,823,204,160,98,11,22,7,10,14,14,57,43,43,33,28,25,0,16,663,161,4025,504,896,181,60,37,92,47,209,58,260,89,172,74,77,55,26,29,3129,400
9700000US0500070,0500070,"Cedar Ridge School District, Arkansas",4462,391,819,250,285,119,43,37,14,17,111,71,62,47,29,23,26,19,0,11,534,171,3643,401,585,155,28,20,63,41,115,67,127,45,179,69,66,64,7,11,3058,340
9700000US0500071,0500071,"Hillcrest School District, Arkansas",3654,475,824,337,346,226,49,43,22,28,34,31,93,86,87,72,48,68,13,20,478,148,2830,485,811,262,38,46,18,14,198,91,227,155,142,66,150,66,38,24,2019,299
9700000US0500072,0500072,"Deer/Mount Judea School District, Arkansas",2249,362,363,154,94,83,0,11,14,22,11,13,21,26,14,18,34,43,0,11,269,107,1886,318,502,138,0,11,13,20,133,57,131,50,143,47,82,66,0,11,1384,250
9700000US0500073,0500073,"Ouachita River School District, Arkansas",4268,440,935,336,288,133,0,11,0,11,108,66,60,69,76,54,44,40,0,11,647,285,3333,416,742,184,63,64,34,29,149,87,155,79,252,87,39,30,50,35,2591,317
9700000US0500076,0500076,"Ozark Mountain School District, Arkansas",4940,688,742,257,123,64,18,17,14,17,32,22,23,20,21,16,13,17,2,4,619,217,4198,645,695,219,34,31,17,19,155,72,78,44,202,104,92,70,117,126,3503,550
9700000US0500079,0500079,"Two Rivers School District, Arkansas",6670,723,1223,374,320,164,86,70,12,17,49,40,58,46,65,69,50,58,0,16,903,256,5447,659,1027,206,87,50,31,22,180,77,281,119,297,90,151,60,0,16,4420,553
9700000US0500082,0500082,"Lawrence County School District, Arkansas",7263,286,1279,251,288,96,10,10,0,16,85,52,46,31,51,30,96,49,0,16,991,213,5984,370,1339,199,122,48,76,52,280,86,276,92,266,68,283,122,36,25,4645,299
9700000US0500405,0500405,"Cossatot River School District, Arkansas",5258,475,1492,266,545,140,22,21,27,20,144,56,141,65,166,75,45,26,0,16,947,161,3766,395,893,166,100,65,33,21,168,54,240,78,260,57,76,28,16,16,2873,294
9700000US0502250,0502250,"Alma School District, Arkansas",15088,948,2038,514,631,242,2,3,32,32,75,55,214,112,218,172,90,97,0,18,1407,406,13050,1054,2998,565,246,117,284,138,614,227,669,218,783,204,321,137,81,58,10052,745
9700000US0502280,0502280,"Alpena School District, Arkansas",2636,449,383,178,106,94,11,12,17,22,69,73,5,7,2,5,2,3,0,11,277,113,2253,434,327,136,27,34,1,4,61,42,104,60,64,47,57,50,13,17,1926,367
9700000US0502430,0502430,"Arkadelphia School District, Arkansas",12552,595,2890,474,1382,271,85,54,62,56,135,78,223,103,66,39,796,245,15,17,1508,313,9662,629,2136,326,79,54,73,42,489,136,397,103,482,142,421,130,195,125,7526,461
9700000US0502550,0502550,"Armorel School District, Arkansas",1335,242,87,52,23,21,0,11,0,11,4,6,8,11,3,6,5,8,3,6,64,44,1248,226,340,109,16,14,27,17,58,28,48,30,137,57,46,24,8,10,908,157
9700000US0502580,0502580,"Ashdown School District, Arkansas",8739,409,1574,349,476,173,36,48,6,8,125,57,196,100,57,53,56,47,0,16,1098,273,7165,458,1224,210,62,43,53,44,352,120,325,85,318,92,81,57,33,25,5941,383
9700000US0502610,0502610,"Atkins Public Schools, Arkansas",6238,539,953,339,279,124,16,31,20,21,62,45,55,51,82,56,44,48,0,16,674,244,5285,558,1259,232,27,37,68,48,239,104,319,111,328,100,226,117,52,48,4026,426
9700000US0502670,0502670,"Augusta School District, Arkansas",3380,253,1096,265,193,117,8,10,55,46,100,59,30,40,0,11,0,11,0,11,903,211,2284,332,290,108,26,31,19,26,57,37,37,22,89,57,50,44,12,15,1994,281
9700000US0502700,0502700,"Bald Knob School District, Arkansas",7419,636,1569,333,558,185,7,12,72,67,121,80,152,73,126,57,80,66,0,16,1011,227,5850,752,1435,474,84,58,52,48,521,293,370,180,197,85,191,117,20,31,4415,414
9700000US0502730,0502730,"Barton-Lexa School District, Arkansas",3050,443,422,170,154,88,14,16,10,15,36,47,41,45,20,24,33,33,0,11,268,99,2628,427,638,227,38,29,88,80,51,44,145,91,139,83,173,110,4,6,1990,304
9700000US0502790,0502790,"Bauxite School District, Arkansas",5755,615,424,254,139,96,3,5,3,5,75,81,22,20,24,24,12,13,0,16,285,178,5331,630,1338,340,50,46,85,61,290,135,335,131,230,107,333,156,15,13,3993,417
9700000US0502820,0502820,"Bay School District, Arkansas",2756,369,365,130,85,55,11,17,5,7,14,15,0,11,28,26,27,20,0,11,280,104,2391,341,583,175,30,25,47,38,140,58,163,69,96,43,90,41,17,17,1808,226
9700000US0502880,0502880,"Beebe School District, Arkansas",18046,851,2150,598,672,260,1,3,37,54,132,68,161,76,212,140,129,101,0,18,1478,454,15896,928,4315,590,193,154,130,77,1011,205,788,233,1115,272,811,289,267,163,11581,766
9700000US0502960,0502960,"Benton School District, Arkansas",29789,1063,2427,577,642,281,101,114,82,66,111,84,128,98,110,69,95,101,15,24,1785,413,27362,1193,7199,666,519,152,386,146,1699,317,1679,392,1340,203,1300,292,276,129,20163,903
9700000US0503030,0503030,"Pea Ridge School District, Arkansas",8054,555,693,337,208,169,0,16,0,16,102,110,0,16,81,69,25,29,0,16,485,203,7361,533,2039,308,146,73,150,92,493,135,705,202,391,119,105,74,49,45,5322,459
9700000US0503060,0503060,"Bentonville Public Schools, Arkansas",85947,1164,5143,858,1248,336,19,20,102,111,249,118,206,100,436,164,236,91,0,27,3895,649,80804,1612,21964,966,1280,217,1281,248,5649,490,5394,560,4596,461,3153,402,611,132,58840,1237
9700000US0503090,0503090,"Bergman School District, Arkansas",4661,435,627,200,78,52,11,17,0,11,0,11,38,43,11,13,18,23,0,11,549,185,4034,489,997,254,56,45,77,47,199,129,211,136,272,99,146,134,36,38,3037,399
9700000US0503150,0503150,"Berryville Public Schools, Arkansas",10649,692,1644,479,502,263,66,76,23,20,160,97,124,108,100,77,29,41,0,18,1142,302,9005,723,2259,406,137,80,172,95,428,158,703,185,381,162,322,140,116,80,6746,582
9700000US0503240,0503240,"Bismarck Public Schools, Arkansas",6704,523,542,230,124,95,0,16,0,16,29,44,31,40,64,53,0,16,0,16,418,169,6162,572,1532,300,183,120,71,71,192,119,271,128,613,215,85,61,117,98,4630,408
9700000US0503300,0503300,"Blevins School District, Arkansas",3479,489,469,257,177,123,13,15,18,25,27,25,17,20,61,91,41,50,0,11,292,151,3010,492,554,224,15,18,38,39,65,43,73,64,178,90,143,100,42,45,2456,438
9700000US0503320,0503320,"Blytheville School District, Arkansas",14967,435,3915,688,1224,395,169,121,64,53,322,153,245,130,382,189,42,31,0,18,2691,418,11052,770,2744,540,296,170,58,53,652,236,568,189,451,202,593,187,126,74,8308,605
9700000US0503420,0503420,"Lead Hill School District, Arkansas",2909,493,656,327,175,140,57,78,6,7,78,115,18,20,11,14,5,8,0,11,481,218,2253,389,251,99,11,19,10,12,54,36,74,46,58,41,32,25,12,13,2002,345
9700000US0503450,0503450,"Booneville School District, Arkansas",7106,499,1399,410,385,235,0,16,27,39,61,42,142,88,144,88,11,13,0,16,1014,266,5707,619,1500,297,117,70,149,75,338,138,230,87,388,117,244,101,34,29,4207,397
9700000US0503480,0503480,"Bradford School District, Arkansas",2687,345,490,178,96,61,8,12,5,9,33,28,8,11,21,16,18,17,3,5,394,152,2197,353,508,164,55,32,8,13,167,124,97,45,154,80,20,18,7,12,1689,226
9700000US0503630,0503630,"Brinkley School District, Arkansas",3763,222,1015,266,363,144,54,41,23,31,58,38,97,64,113,69,18,23,0,11,652,175,2748,321,539,156,49,40,30,24,105,48,80,46,128,73,137,65,10,11,2209,259
9700000US0503640,0503640,"Brookland School District, Arkansas",9346,766,1028,338,285,130,0,18,51,55,80,66,50,40,30,25,74,45,0,18,743,268,8318,902,1597,301,111,74,85,79,383,173,261,110,332,112,306,111,119,73,6721,751
9700000US0503690,0503690,"Bryant Public Schools, Arkansas",50005,1369,3710,756,1159,372,96,87,44,41,174,92,240,161,298,138,291,151,16,18,2551,476,46295,1391,11870,752,861,254,569,210,2352,334,2742,386,2704,285,2042,447,600,188,34425,1050
9700000US0503710,0503710,"Buffalo Island Central School District, Arkansas",4527,484,799,297,240,169,59,60,13,15,52,41,48,35,47,53,21,33,0,11,559,183,3728,416,826,189,58,42,49,38,186,96,138,60,219,68,154,70,22,27,2902,314
9700000US0503750,0503750,"Cabot Public Schools, Arkansas",49261,794,5461,909,2092,466,218,135,151,117,406,158,494,202,399,168,414,171,10,16,3369,582,43800,1122,12145,695,854,225,561,203,2467,282,2489,385,2704,278,2531,418,539,217,31655,866
9700000US0503770,0503770,"Caddo Hills School District, Arkansas",3370,290,767,218,240,107,11,15,8,12,60,61,83,60,50,41,28,36,0,11,527,144,2603,326,386,131,51,39,31,33,98,50,60,34,94,57,50,43,2,3,2217,256
9700000US0503840,0503840,"Calico Rock School District, Arkansas",3254,470,535,197,201,106,33,46,11,16,32,30,65,55,41,32,19,22,0,11,334,133,2719,508,626,234,34,25,30,29,29,24,254,126,209,108,67,35,3,5,2093,329
9700000US0503960,0503960,"Carlisle School District, Arkansas",4066,660,444,178,82,54,0,11,11,16,15,17,32,29,3,7,21,25,0,11,362,151,3622,667,1000,350,48,39,13,14,146,80,316,116,343,228,100,69,34,31,2622,390
9700000US0504020,0504020,"Westside Consolidated School District, Arkansas",8796,642,1176,384,507,252,36,32,17,27,148,93,190,152,82,57,29,20,5,7,669,179,7620,680,1967,388,110,52,107,72,485,153,439,150,399,136,361,137,66,53,5653,420
9700000US0504050,0504050,"Cave City School District, Arkansas",8146,711,1668,403,605,239,42,37,159,98,162,96,113,72,84,57,45,37,0,16,1063,225,6478,686,1251,306,200,113,115,53,237,102,305,110,168,64,203,93,23,21,5227,544
9700000US0504080,0504080,"Cedarville School District, Arkansas",4791,694,672,356,238,152,10,17,17,26,61,47,31,24,116,83,3,5,0,11,434,225,4119,604,713,211,4,6,33,27,150,82,176,89,227,111,73,47,50,54,3406,467
9700000US0504110,0504110,"Genoa Central School District, Arkansas",4530,517,723,365,286,235,20,39,0,11,106,137,46,71,21,34,93,110,0,11,437,178,3807,587,1095,284,104,88,52,39,351,112,225,142,258,132,105,68,0,11,2712,458
9700000US0504170,0504170,"White County Central School District, Arkansas",3288,584,304,167,70,86,5,7,0,11,14,19,36,50,11,19,0,11,4,6,234,128,2984,583,621,280,16,25,35,48,72,67,192,134,158,105,95,83,53,52,2363,412
9700000US0504200,0504200,"Charleston School District, Arkansas",5133,599,351,145,72,57,0,16,0,16,16,20,32,30,24,26,0,16,0,16,279,111,4782,616,1348,298,88,50,16,21,241,79,320,145,365,156,310,122,8,13,3434,436
9700000US0504350,0504350,"Clarendon School District, Arkansas",3332,209,925,196,240,86,31,25,4,6,53,36,57,39,80,53,15,20,0,11,685,137,2407,209,429,94,22,17,32,32,114,49,85,46,90,38,73,37,13,17,1978,193
9700000US0504370,0504370,"Rector School District, Arkansas",4075,326,781,208,262,123,56,47,14,22,101,55,25,20,34,34,32,32,0,11,519,137,3294,345,804,187,47,29,28,25,198,82,242,73,172,65,105,50,12,13,2490,229
9700000US0504380,0504380,"Clarksville School District, Arkansas",13566,557,2969,529,729,195,23,23,58,48,92,50,226,76,191,96,139,71,0,18,2240,462,10597,680,2485,311,78,51,171,84,480,116,597,132,712,156,369,126,78,51,8112,522
9700000US0504410,0504410,"Clinton School District, Arkansas",7902,499,1825,382,434,180,16,27,25,29,179,100,104,57,92,64,12,15,6,10,1391,267,6077,495,1092,261,114,64,42,38,211,71,287,98,213,81,213,108,12,13,4985,359
9700000US0504560,0504560,"Concord Public Schools, Arkansas",3645,394,621,245,118,80,7,12,1,2,17,16,48,49,34,33,11,12,0,11,503,185,3024,375,580,193,35,30,8,14,52,36,122,69,189,90,119,84,55,75,2444,303
9700000US0504590,0504590,"Conway Public Schools, Arkansas",69528,916,12123,1209,5601,797,150,101,231,145,420,151,460,189,634,229,3126,574,580,219,6522,773,57405,1313,16527,927,1330,271,697,210,3303,430,3205,415,2846,306,4015,601,1131,321,40878,1055
9700000US0504680,0504680,"Cotter School District, Arkansas",4695,414,940,261,233,78,57,46,19,21,34,22,36,23,74,47,13,15,0,11,707,209,3755,437,888,194,56,52,61,64,163,83,243,104,226,92,127,62,12,15,2867,317
9700000US0504740,0504740,"County Line School District, Arkansas",3007,365,432,186,101,54,3,6,4,6,3,4,6,12,13,13,72,57,0,11,331,163,2575,304,501,163,22,26,7,8,76,39,124,69,145,69,62,47,65,85,2074,207
9700000US0504800,0504800,"Crossett School District, Arkansas",11492,417,2315,575,969,343,30,26,18,21,291,155,322,195,87,88,168,132,53,65,1346,358,9177,628,1982,297,186,91,64,35,559,185,282,95,425,121,404,134,62,55,7195,499
9700000US0504860,0504860,"Cutter-Morning Star School District, Arkansas",3250,619,586,349,129,152,0,11,0,11,101,143,0,11,16,26,12,18,0,11,457,263,2664,592,455,279,90,87,0,11,119,124,93,64,98,82,55,52,0,11,2209,457
9700000US0504890,0504890,"Danville School District, Arkansas",3366,493,576,231,244,125,11,13,6,10,123,85,60,42,40,44,4,6,0,11,332,121,2790,458,649,178,88,65,24,22,159,74,185,80,133,70,44,35,16,19,2141,348
9700000US0504930,0504930,"Dardanelle Public Schools, Arkansas",9762,560,1387,363,489,196,75,70,0,18,117,92,104,96,99,55,94,68,0,18,898,292,8375,588,2246,365,85,66,29,37,471,135,396,133,807,129,441,182,17,26,6129,440
9700000US0504980,0504980,"Decatur School District, Arkansas",3709,514,678,214,251,104,16,23,43,31,81,50,78,50,27,26,6,10,0,11,427,133,3031,531,677,199,0,11,29,24,147,86,157,71,224,88,111,62,9,11,2354,419
9700000US0505170,0505170,"Dermott School District, Arkansas",2784,342,903,246,325,130,86,42,37,37,72,52,65,54,23,21,42,36,0,11,578,149,1881,364,393,151,0,11,69,44,133,93,44,32,88,53,54,45,5,7,1488,273
9700000US0505190,0505190,"Des Arc Public Schools, Arkansas",3337,232,392,142,62,59,0,11,4,7,0,11,33,39,25,20,0,11,0,11,330,103,2945,269,433,88,44,26,34,27,104,49,85,47,123,52,43,23,0,11,2512,224
9700000US0505340,0505340,"Dierks School District, Arkansas",2202,391,256,140,57,48,3,8,0,11,19,31,0,11,23,27,12,19,0,11,199,112,1946,385,313,118,8,12,5,9,78,53,48,37,103,61,69,39,2,4,1633,331
9700000US0505410,0505410,"Dollarway School District, Arkansas",8618,546,2454,480,908,266,130,82,58,45,193,92,198,111,247,127,82,55,0,18,1546,295,6164,545,1266,351,110,75,34,29,339,125,287,99,207,85,179,88,110,145,4898,399
9700000US0505430,0505430,"Dover School District, Arkansas",7235,802,1066,340,287,147,18,30,23,27,59,42,101,52,74,69,8,13,4,8,779,225,6169,813,1357,398,9,12,4,7,422,197,415,130,351,137,127,80,29,34,4812,532
9700000US0505470,0505470,"Drew Central School District, Arkansas",5636,580,1128,276,402,197,45,49,0,16,17,24,82,68,71,55,187,139,0,16,726,193,4508,611,937,281,35,36,21,26,252,115,141,77,275,123,184,107,29,32,3571,474
9700000US0505500,0505500,"Dumas School District, Arkansas",7714,531,2121,417,815,247,67,50,64,40,200,78,186,100,208,109,90,68,0,18,1306,239,5593,563,1223,268,126,89,65,49,148,69,346,135,397,119,127,74,14,22,4370,399
9700000US0505550,0505550,"Earle School District, Arkansas",2762,339,772,181,211,107,27,36,6,10,47,35,23,26,59,60,49,40,0,11,561,124,1990,329,424,140,15,16,30,32,124,91,84,41,86,49,79,49,6,10,1566,240
9700000US0505580,0505580,"East End School District, Arkansas",3595,365,398,183,216,143,0,11,1,4,70,47,92,80,16,25,37,49,0,11,182,92,3197,361,584,198,23,34,16,23,111,69,71,47,160,82,116,69,87,87,2613,290
9700000US0505680,0505680,"El Dorado School District, Arkansas",23767,720,5328,863,2225,492,199,86,137,87,505,202,545,242,485,194,354,158,0,21,3103,481,18439,990,4581,551,299,103,362,133,1221,300,582,148,946,174,896,241,275,125,13858,706
9700000US0505760,0505760,"Elkins School District, Arkansas",5664,685,586,273,253,149,65,106,14,20,41,48,34,30,72,55,27,44,0,16,333,174,5078,662,1181,282,60,47,94,67,425,144,214,120,271,131,87,49,30,26,3897,497
9700000US0505850,0505850,"England School District, Arkansas",3927,279,846,221,328,147,13,21,59,50,103,49,81,58,29,27,43,40,0,11,518,121,3081,344,536,145,44,38,11,18,129,72,128,61,143,56,71,39,10,9,2545,292
9700000US0505970,0505970,"Eureka Springs School District, Arkansas",7670,714,1106,293,256,150,34,30,0,16,50,60,100,76,67,58,5,9,0,16,850,215,6564,742,811,250,23,38,36,50,102,58,371,174,164,99,97,59,18,15,5753,577
9700000US0506060,0506060,"Camden Fairview School District, Arkansas",17677,496,4580,731,1502,405,127,87,131,81,331,121,517,275,358,125,38,43,0,18,3078,482,13097,914,2423,400,85,49,140,85,667,190,597,195,476,134,385,153,73,48,10674,657
9700000US0506090,0506090,"Farmington School District, Arkansas",11410,995,757,270,285,163,0,18,0,18,15,26,18,27,76,74,124,120,52,58,472,166,10653,979,2833,636,157,119,288,168,592,220,559,243,537,210,356,166,344,178,7820,633
9700000US0506120,0506120,"Fayetteville School District, Arkansas",77624,1484,17641,1339,11065,1047,214,133,103,66,531,256,583,238,581,241,7961,855,1092,337,6576,766,59983,1865,16930,1063,1631,308,877,231,2740,434,2683,462,2572,374,4484,478,1943,351,43053,1301
9700000US0506150,0506150,"Flippin School District, Arkansas",7072,469,1336,276,296,140,25,26,23,23,146,85,42,46,52,47,8,11,0,16,1040,207,5736,506,1158,176,24,18,39,36,328,92,357,109,282,77,113,51,15,18,4578,424
9700000US0506210,0506210,"Fordyce School District, Arkansas",4317,361,468,153,63,50,0,16,10,15,15,19,0,16,4,7,34,36,0,16,405,123,3849,389,856,269,99,89,50,42,191,110,203,112,111,86,158,96,44,46,2993,242
9700000US0506240,0506240,"Foreman School District, Arkansas",2517,283,501,179,137,87,9,13,12,18,31,42,31,29,41,38,13,20,0,11,364,124,2016,275,470,121,16,19,38,35,87,38,84,40,163,74,59,38,23,23,1546,222
9700000US0506270,0506270,"Forrest City School District, Arkansas",17951,494,4764,724,1705,350,139,80,40,34,327,161,554,185,479,170,147,81,19,30,3059,489,13187,878,2893,381,357,168,141,87,682,203,451,125,729,169,470,150,63,45,10294,666
9700000US0506330,0506330,"Fort Smith Public Schools, Arkansas",84341,593,22137,1552,8130,823,566,224,526,231,2123,479,1539,282,1950,338,1426,407,0,27,14007,1054,62204,1731,13697,970,706,208,691,217,2747,439,2461,377,3284,413,3472,474,336,131,48507,1371
9700000US0506360,0506360,"Fouke School District, Arkansas",5462,540,625,245,90,57,0,16,17,24,23,26,21,22,23,23,6,10,0,16,535,231,4837,558,1062,342,93,72,32,35,290,141,251,158,226,105,64,42,106,88,3775,435
9700000US0506420,0506420,"Fountain Lake School District, Arkansas",13769,874,1161,414,193,102,34,37,19,31,18,27,43,44,49,55,30,26,0,18,968,382,12608,912,1158,328,51,43,58,57,222,105,336,152,239,121,251,135,1,8,11450,756
9700000US0506540,0506540,"Gentry Public Schools, Arkansas",8051,862,1170,346,221,100,0,16,11,18,113,63,18,21,49,29,30,34,0,16,949,296,6881,852,1827,432,0,16,103,74,452,143,394,171,393,181,457,194,28,22,5054,629
9700000US0506630,0506630,"Glen Rose School District, Arkansas",5406,702,1123,560,469,324,65,71,98,100,130,125,43,59,12,18,100,90,21,37,654,336,4283,491,1036,312,97,97,46,34,303,158,213,106,163,92,201,136,13,18,3247,356
9700000US0506690,0506690,"Centerpoint School District, Arkansas",4728,469,1053,314,355,154,44,42,8,14,119,64,58,38,58,38,47,39,21,26,698,205,3675,455,829,217,120,70,53,38,144,70,211,87,181,91,110,50,10,11,2846,350
9700000US0506840,0506840,"Gravette School District, Arkansas",14793,737,1086,377,309,211,14,15,5,8,31,26,83,103,166,136,10,16,0,18,777,230,13707,670,2308,370,144,84,84,54,525,169,576,174,616,138,316,104,47,35,11399,523
9700000US0506870,0506870,"Green Forest School District, Arkansas",7474,677,1104,268,328,121,18,17,9,11,28,23,73,39,161,93,39,34,0,16,776,200,6370,711,1468,313,70,47,65,45,466,187,177,71,467,158,223,104,0,16,4902,555
9700000US0506900,0506900,"Greenbrier School District, Arkansas",15224,579,2032,475,412,242,28,24,29,27,159,161,76,80,83,63,37,30,0,18,1620,338,13192,743,3763,367,236,84,249,103,1002,188,671,130,869,180,603,159,133,72,9429,546
9700000US0506930,0506930,"Greenland Public Schools, Arkansas",6835,679,966,312,402,177,60,59,34,36,74,57,207,107,20,24,7,8,0,16,564,161,5869,656,1485,396,138,78,44,33,229,93,428,180,399,153,212,129,35,25,4384,434
9700000US0506990,0506990,"Greenwood School District, Arkansas",19568,954,2039,648,679,353,54,66,67,61,171,162,173,125,142,130,57,60,15,25,1360,379,17529,915,4443,457,506,219,240,114,873,205,1061,242,901,197,699,209,163,89,13086,734
9700000US0507110,0507110,"Gurdon School District, Arkansas",4167,465,702,205,198,103,5,9,15,24,68,56,37,31,35,26,38,35,0,11,504,162,3465,405,692,183,69,48,0,11,134,55,176,75,148,88,158,101,7,11,2773,302
9700000US0507140,0507140,"Guy-Perkins Schools, Arkansas",2099,338,229,91,48,33,7,11,8,11,5,10,18,17,10,12,0,11,0,11,181,71,1870,323,448,137,14,13,29,15,131,52,78,45,80,37,99,52,17,22,1422,228
9700000US0507170,0507170,"Hackett Public Schools, Arkansas",5583,677,1026,379,462,222,27,30,81,81,175,103,105,93,34,31,40,31,0,16,564,180,4557,562,924,246,68,45,22,19,184,72,264,104,219,106,148,64,19,15,3633,421
9700000US0507230,0507230,"Hampton School District, Arkansas",3636,236,718,246,204,100,28,35,1,3,47,33,51,41,59,38,18,19,0,11,514,180,2918,262,416,91,6,11,35,24,117,48,64,26,126,48,66,39,2,3,2502,223
9700000US0507290,0507290,"Harmony Grove School District (Clark, Dallas, and Ouachita Counties); Arkansas",4748,449,857,245,283,117,9,12,40,30,80,56,44,37,55,37,55,41,0,16,574,180,3891,415,708,163,58,60,38,30,91,47,112,61,154,78,237,126,18,23,3183,362
9700000US0507320,0507320,"Harmony Grove School District (Saline County), Arkansas",5125,327,402,194,119,85,0,16,0,16,50,59,0,16,17,27,52,52,0,16,283,144,4723,360,1289,264,145,72,62,50,523,235,239,112,171,80,126,95,23,31,3434,351
9700000US0507350,0507350,"Harrisburg School District, Arkansas",6395,467,846,208,196,117,0,16,13,16,54,54,49,39,73,45,7,12,0,16,650,153,5549,465,1293,298,80,40,75,46,224,90,296,119,284,92,298,133,36,28,4256,358
9700000US0507380,0507380,"Harrison School District, Arkansas",20058,789,2955,569,904,269,42,34,114,95,167,116,184,119,132,78,254,119,11,18,2051,414,17103,856,3758,418,155,90,231,121,705,186,1005,194,851,152,673,211,138,77,13345,661
9700000US0507530,0507530,"Hazen School District, Arkansas",4489,239,864,209,240,111,34,29,22,21,69,38,53,53,50,32,12,16,0,11,624,129,3625,267,779,139,92,38,32,23,100,45,225,72,264,56,54,27,12,13,2846,190
9700000US0507560,0507560,"Heber Springs School District, Arkansas",11227,545,1716,388,591,203,54,59,52,45,177,110,122,118,147,86,39,39,0,18,1125,238,9511,634,1544,258,65,51,42,38,435,157,400,118,456,127,130,84,16,29,7967,517
9700000US0507620,0507620,"Hector School District, Arkansas",3672,422,732,262,159,98,4,8,14,14,14,17,48,41,41,42,20,23,18,27,573,228,2940,405,518,149,3,6,49,39,145,78,71,46,158,65,65,39,27,21,2422,328
9700000US0507680,0507680,"Helena-West Helena School District, Arkansas",11879,388,4560,631,1942,321,209,96,68,61,390,139,535,137,594,192,146,111,0,18,2618,447,7319,634,1539,358,74,50,82,65,241,118,301,137,425,140,329,162,87,58,5780,453
9700000US0507710,0507710,"Hermitage School District, Arkansas",2513,294,564,160,303,111,45,30,23,22,116,65,26,25,61,34,32,23,0,11,261,77,1949,304,421,124,17,17,3,5,148,80,69,47,133,77,41,31,10,14,1528,235
9700000US0507740,0507740,"Cross County School District, Arkansas",3610,341,629,224,198,116,18,23,45,51,43,31,58,48,20,21,14,15,0,11,431,130,2981,296,517,129,16,16,50,43,90,39,115,47,194,75,36,27,16,19,2464,227
9700000US0507770,0507770,"Highland School District, Arkansas",11678,536,2280,426,580,220,23,19,4,6,123,70,291,163,52,44,87,64,0,18,1700,303,9398,622,1515,261,48,43,81,62,269,85,401,137,602,136,104,70,10,11,7883,492
9700000US0507840,0507840,"Hope School District, Arkansas",13972,516,3713,662,1449,409,118,68,102,94,203,105,454,143,409,184,152,113,11,16,2264,376,10259,680,2457,432,61,42,110,90,629,174,646,182,567,174,390,149,54,47,7802,502
9700000US0507860,0507860,"Horatio School District, Arkansas",3383,501,752,281,247,145,26,27,0,11,77,47,85,69,54,38,5,9,0,11,505,177,2631,432,467,155,17,17,14,15,97,54,98,58,192,84,49,34,0,11,2164,353
9700000US0507890,0507890,"Hot Springs School District, Arkansas",28142,857,8241,784,2627,584,267,128,147,97,307,143,532,234,555,312,762,312,57,72,5614,580,19901,1007,3323,515,140,95,272,92,899,223,636,181,609,158,566,173,201,120,16578,833
9700000US0507920,0507920,"Jessieville School District, Arkansas",7308,675,993,500,434,318,0,16,18,29,92,101,112,109,84,94,128,117,0,16,559,263,6315,677,663,254,122,75,33,38,99,74,153,87,122,96,115,101,19,15,5652,561
9700000US0507990,0507990,"Hoxie School District, Arkansas",3493,165,698,209,218,117,15,22,1,2,34,23,74,56,79,73,15,14,0,11,480,126,2795,226,683,140,50,30,9,12,133,57,135,52,201,65,120,68,35,35,2112,158
9700000US0508040,0508040,"West Memphis School District, Arkansas",25071,622,7521,734,3056,419,298,137,202,112,790,167,885,186,582,162,291,116,8,12,4465,497,17550,820,3529,459,199,90,221,122,511,138,772,229,1007,215,649,158,170,76,14021,579
9700000US0508130,0508130,"Huntsville School District, Arkansas",14330,300,2463,410,639,179,17,25,28,30,222,100,118,53,176,84,78,59,0,18,1824,323,11867,519,2474,253,98,54,97,63,536,125,653,153,753,154,305,103,32,24,9393,397
9700000US0508240,0508240,"Jasper School District, Arkansas",4796,530,1076,308,226,144,0,11,48,42,56,36,61,42,50,59,11,19,0,11,850,229,3720,432,568,164,52,37,12,14,129,71,113,49,107,62,132,73,23,33,3152,383
9700000US0508280,0508280,"Jonesboro Public Schools, Arkansas",34638,1253,8720,1216,4011,775,375,214,441,213,789,275,652,215,361,158,1265,314,128,86,4709,603,25918,1442,5820,738,378,173,420,173,1275,312,1223,345,1221,208,829,222,474,195,20098,1001
9700000US0508340,0508340,"Junction City School District, Arkansas",3315,537,437,234,40,37,0,11,0,11,25,31,2,4,13,19,0,11,0,11,397,221,2878,503,667,235,83,81,37,41,124,82,191,99,134,73,59,50,39,44,2211,371
9700000US0508400,0508400,"Riverview School District, Arkansas",6702,713,1726,409,545,214,7,9,22,22,191,135,60,42,107,68,28,21,130,105,1181,260,4976,664,789,187,54,71,13,16,179,77,113,49,275,111,97,55,58,51,4187,622
9700000US0508490,0508490,"Kirby School District, Arkansas",2860,346,400,170,122,81,19,30,0,11,42,36,27,27,28,22,6,8,0,11,278,98,2460,343,503,151,34,33,29,27,81,61,120,63,175,66,64,42,0,11,1957,269
9700000US0508610,0508610,"Lake Hamilton School District, Arkansas",25066,1012,3410,831,1218,461,139,117,37,47,376,178,182,115,139,99,291,217,54,72,2192,566,21656,1198,4814,662,239,122,207,122,990,332,1046,216,1292,348,931,298,109,105,16842,877
9700000US0508640,0508640,"Lakeside School District (Ashley and Chicot Counties), Arkansas",7966,278,2202,368,806,210,134,69,53,44,233,111,92,45,200,77,83,44,11,17,1396,209,5764,342,1287,193,139,45,43,33,311,78,265,92,273,74,198,72,58,47,4477,264
9700000US0508670,0508670,"Lakeside School District (Garland County), Arkansas",17601,986,1787,568,534,256,133,127,38,44,112,84,42,52,162,119,47,74,0,18,1253,364,15814,1014,3486,461,271,155,317,160,684,218,659,225,1065,279,426,132,64,53,12328,816
9700000US0508700,0508700,"Lamar School District, Arkansas",6443,445,1685,470,408,209,0,16,34,31,90,53,159,124,108,80,17,23,0,16,1277,327,4758,529,834,191,46,35,54,37,308,119,185,75,126,56,90,48,25,26,3924,407
9700000US0508730,0508730,"Lavaca Public Schools, Arkansas",5062,439,738,315,288,144,20,34,17,24,39,36,91,73,79,63,26,31,16,23,450,214,4324,510,1045,224,84,53,13,14,283,107,201,67,235,108,217,88,12,19,3279,353
9700000US0508940,0508940,"Lincoln School District, Arkansas",6593,703,1390,344,411,195,22,20,20,22,124,90,108,84,82,60,55,64,0,16,979,210,5203,686,1399,318,40,36,54,40,447,174,244,100,426,182,109,56,79,76,3804,474
9700000US0509000,0509000,"Little Rock School District, Arkansas",170468,1255,31656,2247,11736,1390,669,253,813,298,3077,603,2323,522,1943,407,1920,427,991,286,19920,1458,138812,2495,32511,1625,2907,476,1939,369,6215,624,5781,601,6936,541,6137,633,2596,341,106301,1845
9700000US0509060,0509060,"Lonoke School District, Arkansas",8805,539,1232,447,441,254,9,14,0,16,136,104,210,145,65,52,16,20,5,8,791,227,7573,572,1656,243,36,42,121,85,443,125,475,156,412,121,151,82,18,29,5917,493
9700000US0509150,0509150,"Magazine Schools, Arkansas",2545,349,580,234,233,145,11,12,8,8,63,35,57,55,54,51,40,44,0,11,347,134,1965,269,455,123,21,17,30,21,111,48,103,53,98,42,63,45,29,24,1510,197
9700000US0509190,0509190,"Magnet Cove School District, Arkansas",2256,501,81,76,28,31,0,11,0,11,12,18,0,11,0,11,16,25,0,11,53,54,2175,486,414,213,0,11,14,22,58,51,152,91,140,112,50,77,0,11,1761,348
9700000US0509240,0509240,"Malvern Special School District, Arkansas",16464,670,3167,617,952,328,103,82,59,49,375,184,126,74,77,56,167,135,45,74,2215,452,13297,775,2898,381,293,125,118,74,731,193,494,159,535,128,662,195,65,44,10399,709
9700000US0509270,0509270,"Mammoth Spring Schools, Arkansas",2651,502,1074,419,419,290,49,35,69,76,55,48,120,135,46,45,80,77,0,11,655,243,1577,346,231,124,15,22,5,7,56,50,91,58,26,24,26,34,12,18,1346,276
9700000US0509330,0509330,"Mansfield School District, Arkansas",6765,752,848,236,195,99,33,31,22,25,10,12,65,51,61,34,4,6,0,16,653,190,5917,775,1319,350,5,9,56,48,228,111,451,193,291,109,272,151,16,22,4598,529
9700000US0509360,0509360,"Lee County School District, Arkansas",7597,210,1983,364,469,172,40,42,0,16,121,88,167,116,101,64,40,34,0,16,1514,252,5614,408,1186,211,40,31,111,67,183,107,309,105,315,88,202,101,26,21,4428,304
9700000US0509390,0509390,"Marion School District, Arkansas",20335,643,2696,594,1036,291,106,81,47,36,289,101,272,126,154,75,158,70,10,12,1660,366,17639,720,5102,503,282,118,362,146,1334,224,1014,178,1072,172,883,161,155,78,12537,497
9700000US0509420,0509420,"Marked Tree School District, Arkansas",3291,201,963,228,254,99,56,44,3,7,81,53,37,33,46,42,20,20,11,17,709,171,2328,258,365,105,0,11,24,20,72,38,104,49,101,57,48,41,16,16,1963,226
9700000US0509480,0509480,"Searcy County School District, Arkansas",6499,278,1251,327,327,180,9,13,18,18,76,87,92,81,97,50,25,23,10,16,924,207,5248,403,1095,201,91,53,87,53,177,80,345,92,280,83,63,41,52,47,4153,308
9700000US0509510,0509510,"Marvell School District, Arkansas",3624,476,846,257,342,170,115,67,5,8,82,83,54,50,45,54,41,37,0,11,504,132,2778,469,540,201,0,11,34,56,129,78,163,86,124,74,61,50,29,47,2238,354
9700000US0509540,0509540,"Mayflower School District, Arkansas",6231,823,780,448,208,182,0,16,0,16,29,37,74,86,59,50,46,68,0,16,572,313,5451,836,1433,455,132,87,73,74,358,168,267,138,343,154,250,120,10,12,4018,504
9700000US0509570,0509570,"Maynard School District, Arkansas",2929,422,909,476,237,167,25,35,0,11,17,27,30,24,77,75,88,93,0,11,672,324,2020,334,400,131,23,16,16,16,65,32,78,37,111,67,107,59,0,11,1620,281
9700000US0509600,0509600,"McCrory School District, Arkansas",2750,253,473,146,104,58,6,9,31,33,30,24,28,24,9,15,0,11,0,11,369,111,2277,262,574,139,7,11,19,22,136,86,119,62,178,80,90,64,25,35,1703,186
9700000US0509630,0509630,"McGehee School District, Arkansas",5967,276,2065,367,813,226,29,26,45,41,104,72,282,111,228,115,98,75,27,37,1252,239,3902,413,828,199,42,28,8,9,193,77,191,64,298,87,96,50,0,16,3074,310
9700000US0509720,0509720,"Melbourne School District, Arkansas",4764,514,599,218,115,74,32,32,17,18,22,20,18,19,26,26,0,11,0,11,484,196,4165,515,820,215,34,36,55,40,174,86,265,98,139,72,102,81,51,67,3345,405
9700000US0509750,0509750,"Mena Public Schools, Arkansas",12106,528,2964,612,762,295,96,67,34,45,239,171,176,89,111,60,106,80,0,18,2202,423,9142,643,1664,325,105,55,67,45,370,117,450,158,421,96,218,110,33,27,7478,468
9700000US0509780,0509780,"Mineral Springs School District, Arkansas",3498,518,552,224,253,162,52,47,18,22,34,26,53,51,50,43,46,41,0,11,299,121,2946,490,571,179,40,29,40,46,51,34,243,134,108,78,79,52,10,17,2375,364
9700000US0509840,0509840,"Monticello School District, Arkansas",10116,571,2516,450,1043,328,33,41,61,88,199,142,45,39,94,68,611,284,0,18,1473,312,7600,688,1644,341,154,115,91,74,426,196,318,161,268,112,350,155,37,44,5956,515
9700000US0509990,0509990,"Mount Ida School District, Arkansas",3893,332,602,187,216,117,1,2,35,34,62,43,30,27,46,37,42,47,0,11,386,98,3291,336,449,141,57,46,28,35,83,53,101,51,129,71,42,30,9,10,2842,267
9700000US0510080,0510080,"Mount Vernon-Enola School District, Arkansas",2306,319,289,134,52,37,4,6,0,11,8,9,12,16,28,24,0,11,0,11,237,116,2017,307,435,131,7,11,27,34,81,59,150,78,95,44,75,40,0,11,1582,236
9700000US0510170,0510170,"Mountain Pine School District, Arkansas",4001,659,990,487,215,178,3,5,59,75,76,91,15,22,29,29,33,46,0,11,775,354,3011,537,539,205,32,33,5,8,103,90,108,65,130,72,152,96,9,14,2472,421
9700000US0510200,0510200,"Mountain View School District, Arkansas",11925,183,2853,559,830,300,16,27,61,56,218,121,228,142,241,130,66,46,0,18,2023,318,9072,564,1607,359,108,58,69,49,262,117,368,143,377,170,385,149,38,35,7465,345
9700000US0510260,0510260,"Mountainburg Schools, Arkansas",4362,562,587,267,63,73,0,11,0,11,12,19,24,30,27,41,0,11,0,11,524,248,3775,527,631,167,125,87,21,34,115,77,118,59,203,124,36,35,13,22,3144,455
9700000US0510290,0510290,"Mulberry School District, Arkansas",4144,436,1152,351,408,227,42,48,31,28,105,72,138,85,50,47,42,40,0,11,744,220,2992,385,528,180,59,41,20,18,208,109,62,29,86,57,85,51,8,11,2464,291
9700000US0510320,0510320,"South Pike County School District, Arkansas",4808,349,696,205,174,81,12,24,27,20,72,45,19,18,16,15,28,26,0,16,522,152,4112,335,905,174,35,37,125,53,210,104,200,72,202,61,108,52,25,34,3207,273
9700000US0510380,0510380,"Nashville School District, Arkansas",8873,704,2288,551,1083,357,52,45,106,66,215,99,366,187,158,92,167,108,19,31,1205,300,6585,528,1366,321,125,83,143,77,181,92,358,158,307,106,230,90,22,26,5219,406
9700000US0510410,0510410,"Nemo Vista School District, Arkansas",2536,387,518,251,128,70,17,20,8,14,46,46,32,29,23,23,2,4,0,11,390,206,2018,295,490,143,29,24,16,15,58,38,209,97,146,66,28,32,4,7,1528,212
9700000US0510440,0510440,"Nettleton School District, Arkansas",22595,1124,4350,848,2056,521,145,183,52,48,220,125,195,126,246,125,946,244,252,165,2294,612,18245,1100,4718,594,302,158,155,84,990,257,913,236,897,202,1132,302,329,157,13527,920
9700000US0510560,0510560,"Norfork Schools, Arkansas",3735,525,586,260,150,118,4,8,25,36,2,5,29,36,75,60,15,15,0,11,436,167,3149,572,425,209,29,37,14,17,125,86,116,84,88,56,44,33,9,14,2724,447
9700000US0510680,0510680,"North Little Rock School District, Arkansas",53568,1458,13162,1688,4874,978,463,200,461,168,1367,403,1149,378,629,225,769,226,36,43,8288,1020,40406,1790,8688,985,507,190,484,155,1479,313,1554,328,2106,462,1912,410,646,180,31718,1387
9700000US0510920,0510920,"Omaha School District, Arkansas",2350,323,304,111,88,52,0,11,17,16,21,21,23,19,23,17,4,7,0,11,216,83,2046,315,384,146,13,13,10,11,74,42,58,33,127,73,83,59,19,16,1662,249
9700000US0510950,0510950,"Osceola School District, Arkansas",6714,186,2334,456,1268,314,55,63,120,121,193,96,509,226,288,140,103,69,0,16,1066,231,4380,483,770,202,82,65,11,18,155,99,92,51,226,96,141,74,63,92,3610,392
9700000US0510980,0510980,"Ouachita School District, Arkansas",1835,284,218,124,74,54,3,4,1,2,29,38,16,27,25,23,0,11,0,11,144,79,1617,259,403,124,30,31,30,25,82,37,114,51,81,40,66,39,0,11,1214,178
9700000US0511010,0511010,"Ozark School District, Arkansas",9649,457,2434,618,753,319,26,34,0,18,219,142,365,216,136,109,7,8,0,18,1681,380,7215,716,1358,337,45,48,31,31,310,143,356,133,382,170,196,76,38,37,5857,504
9700000US0511070,0511070,"Pangburn School District, Arkansas",3600,465,583,259,146,103,32,37,0,11,4,7,23,30,61,60,26,30,0,11,437,184,3017,455,561,195,6,7,25,29,137,72,244,132,140,88,9,9,0,11,2456,373
9700000US0511130,0511130,"Paris School District, Arkansas",6718,436,1492,385,431,172,34,32,34,33,115,73,144,84,85,71,0,16,19,33,1061,289,5226,487,921,212,47,35,47,32,192,70,184,71,233,106,218,97,0,16,4305,374
9700000US0511220,0511220,"Parkers Chapel School District, Arkansas",2965,453,254,141,122,87,18,23,15,19,7,12,13,14,35,33,34,37,0,11,132,73,2711,437,704,196,89,63,36,38,148,79,125,67,238,91,68,52,0,11,2007,290
9700000US0511340,0511340,"Perryville School District, Arkansas",5043,396,1205,325,402,168,29,32,20,27,200,115,64,49,31,27,58,52,0,16,803,210,3838,386,839,165,91,72,7,10,272,109,159,56,194,60,116,66,0,16,2999,320
9700000US0511370,0511370,"Piggott School District, Arkansas",5105,284,945,198,200,77,5,9,0,16,85,59,33,32,28,28,49,32,0,16,745,173,4160,302,728,136,86,65,33,25,149,57,139,56,201,75,107,55,13,14,3432,270
9700000US0511610,0511610,"Pocahontas School District, Arkansas",10452,476,1693,402,543,192,85,44,39,35,60,47,138,77,125,95,96,72,0,18,1150,243,8759,624,2131,354,73,50,131,98,443,141,517,139,521,171,364,128,82,83,6628,437
9700000US0511700,0511700,"Pottsville Public Schools, Arkansas",6506,663,1013,436,349,232,0,16,25,31,173,210,34,36,89,86,28,31,0,16,664,247,5493,605,1544,360,148,121,28,26,351,126,237,78,302,146,430,180,48,39,3949,406
9700000US0511730,0511730,"Poyen School District, Arkansas",1217,194,236,109,67,61,12,20,0,11,32,33,1,3,22,22,0,11,0,11,169,67,981,204,338,111,15,15,12,14,84,44,61,30,118,66,37,26,11,9,643,113
9700000US0511760,0511760,"Prairie Grove School District, Arkansas",10180,662,660,287,115,73,0,18,7,12,69,52,20,25,19,29,0,18,0,18,545,235,9520,715,2493,395,98,69,131,85,696,168,595,169,620,207,304,136,49,47,7027,535
9700000US0511820,0511820,"Prescott School District, Arkansas",4024,326,1209,542,484,246,63,54,0,11,259,225,44,60,75,71,43,74,0,11,725,371,2815,528,539,260,63,81,67,94,172,129,106,66,54,55,57,61,20,34,2276,388
9700000US0511850,0511850,"Pulaski County Special School District, Arkansas",152086,2024,18749,2033,6135,1039,567,199,558,216,1554,383,918,289,1047,284,1101,283,390,239,12614,1328,133337,2165,32460,1571,2443,388,1931,416,6595,690,6059,643,6621,583,6854,722,1957,367,100877,1805
9700000US0511880,0511880,"Quitman School District, Arkansas",5057,430,691,241,131,67,56,61,0,16,20,16,8,10,29,38,18,17,0,16,560,212,4366,444,686,160,13,15,77,43,128,65,162,55,151,95,140,77,15,18,3680,391
9700000US0511970,0511970,"Rogers Public Schools, Arkansas",86358,1070,10308,1038,3895,560,265,123,215,84,1182,239,1016,276,706,177,467,140,44,49,6413,664,76050,1318,18085,771,993,177,908,194,4190,459,4580,441,4558,428,2362,360,494,135,57965,1119
9700000US0512000,0512000,"Rose Bud School District, Arkansas",3855,564,480,171,106,56,0,11,9,13,43,30,44,30,10,19,0,11,0,11,374,148,3375,561,709,215,36,37,4,7,198,87,250,116,132,96,81,45,8,13,2666,431
9700000US0512060,0512060,"Russellville Schools, Arkansas",33744,1044,7461,985,2647,550,188,81,137,73,455,213,346,157,351,145,1165,330,5,11,4814,697,26283,1332,6627,725,567,183,384,144,1390,292,1244,292,1033,244,1581,396,428,134,19656,981
9700000US0512090,0512090,"Salem School District, Arkansas",4699,445,857,210,255,108,8,10,8,9,55,30,39,32,112,66,33,35,0,11,602,158,3842,454,752,150,71,44,24,17,149,53,148,72,261,76,85,50,14,19,3090,398
9700000US0512180,0512180,"Scranton School District, Arkansas",2348,302,382,187,185,158,7,10,6,10,6,9,18,22,127,150,21,19,0,11,197,67,1966,261,421,122,37,31,6,6,91,53,80,39,96,45,104,55,7,12,1545,204
9700000US0512210,0512210,"Searcy School District, Arkansas",28606,1049,4807,795,1964,491,24,31,83,75,244,135,477,228,248,157,718,261,170,75,2843,499,23799,1064,5698,617,441,166,421,187,1398,281,1275,271,948,217,859,199,356,130,18101,803
9700000US0512420,0512420,"Shirley School District, Arkansas",4590,444,550,199,185,120,5,8,14,25,100,63,18,20,31,36,17,20,0,11,365,137,4040,477,637,199,30,24,11,14,167,92,177,76,228,101,7,12,17,15,3403,363
9700000US0512450,0512450,"Siloam Springs Schools, Arkansas",20930,947,3554,632,1595,397,70,41,209,95,462,226,323,121,165,73,349,215,17,26,1959,358,17376,1012,3975,452,206,97,266,108,892,197,871,184,968,190,583,199,189,88,13401,790
9700000US0512480,0512480,"Sloan-Hendrix School District, Arkansas",3865,452,646,230,142,73,8,13,36,33,16,15,37,25,36,28,9,9,0,11,504,182,3219,467,551,208,18,19,19,19,109,81,123,79,177,75,52,48,53,51,2668,377
9700000US0512510,0512510,"Smackover-Norphlet School District, Arkansas",5985,416,1010,268,351,154,42,58,26,25,66,42,89,58,57,42,71,57,0,16,659,170,4975,415,1013,186,84,46,57,33,184,77,159,72,344,99,160,66,25,26,3962,317
9700000US0512520,0512520,"South Conway County School District, Arkansas",14812,493,2664,427,656,168,30,37,33,29,274,94,134,87,111,57,74,44,0,18,2008,361,12148,645,2219,278,157,64,112,67,430,103,360,84,652,131,424,146,84,59,9929,552
9700000US0512540,0512540,"Southside School District, Arkansas",5200,503,1096,337,499,235,24,36,49,56,213,115,106,63,69,51,38,50,0,16,597,190,4104,445,848,216,47,35,4,6,200,108,182,95,251,99,122,74,42,60,3256,381
9700000US0512570,0512570,"South Side-Bee Branch School District, Arkansas",3248,397,577,203,147,89,0,11,2,4,43,41,73,48,9,14,20,23,0,11,430,168,2671,390,609,246,28,18,37,29,143,90,165,88,121,81,81,61,34,33,2062,266
9700000US0512630,0512630,"Spring Hill School District, Arkansas",1845,355,251,128,66,46,3,6,6,10,20,19,23,24,0,11,14,16,0,11,185,99,1594,315,459,148,7,9,82,49,99,66,97,65,146,72,20,20,8,11,1135,221
9700000US0512660,0512660,"Springdale School District, Arkansas",94061,1217,15784,1967,6298,1141,475,187,586,281,2040,509,1593,428,966,257,613,368,25,27,9486,1086,78277,2303,20261,1360,1182,284,1018,294,4411,554,5458,617,4957,515,2764,449,471,164,58016,1622
9700000US0512930,0512930,"Strong School District, Arkansas",2794,344,458,149,108,67,21,24,7,11,0,11,33,42,9,14,38,49,0,11,350,118,2336,374,288,100,0,11,14,16,119,57,27,28,93,51,35,30,0,11,2048,356
9700000US0512960,0512960,"Stuttgart School District, Arkansas",9299,253,1876,333,446,161,16,24,19,30,119,62,84,68,175,101,12,16,21,35,1430,264,7423,453,1561,228,106,79,195,90,335,111,397,145,301,103,212,95,15,18,5862,341
9700000US0513080,0513080,"Greene County Technical School District, Arkansas",19212,1163,2658,716,852,326,119,94,29,27,310,149,167,133,164,106,62,51,1,4,1806,457,16554,1128,3976,525,166,78,194,127,893,228,813,208,914,209,757,194,239,118,12578,811
9700000US0513110,0513110,"Texarkana School District, Arkansas",30293,646,6803,671,2404,347,198,121,146,70,781,201,680,171,379,125,194,83,26,25,4399,470,23490,942,4632,523,215,77,189,75,882,204,1060,198,1131,196,1030,207,125,76,18858,718
9700000US0513230,0513230,"Jackson County School District, Arkansas",4278,300,686,173,210,90,33,23,2,4,72,39,34,31,53,36,16,21,0,11,476,111,3592,323,885,178,60,32,19,15,162,62,210,90,261,84,160,65,13,13,2707,233
9700000US0513350,0513350,"Valley Springs School District, Arkansas",4066,435,615,318,256,172,70,73,4,6,37,31,24,25,109,92,12,16,0,11,359,168,3451,481,902,287,54,55,30,26,231,105,282,130,193,88,95,54,17,22,2549,307
9700000US0513380,0513380,"Valley View School District, Arkansas",11504,869,392,185,192,149,16,26,0,18,14,23,13,24,0,18,133,130,16,26,200,111,11112,855,3370,443,412,146,268,160,828,244,685,193,604,198,406,181,167,96,7742,589
9700000US0513410,0513410,"Van Buren School District, Arkansas",32378,923,5761,739,2404,514,133,119,173,97,632,229,630,183,497,152,314,146,25,39,3357,425,26617,1028,6859,651,329,151,291,100,1477,269,1662,301,1658,310,1265,301,177,108,19758,801
9700000US0513530,0513530,"Vilonia School District, Arkansas",14850,822,1780,614,567,249,15,23,32,49,119,91,36,37,237,156,128,116,0,18,1213,477,13070,778,3563,360,113,76,179,109,843,217,859,237,849,212,592,203,128,70,9507,662
9700000US0513560,0513560,"Viola School District, Arkansas",3209,417,745,291,269,145,39,33,24,33,133,67,39,31,3,4,31,36,0,11,476,201,2464,479,423,158,36,43,38,38,71,55,73,60,45,45,157,76,3,5,2041,388
9700000US0513680,0513680,"Waldron School District, Arkansas",7991,342,1793,378,565,181,21,26,49,52,174,73,172,88,141,54,8,13,0,16,1228,283,6198,465,1146,195,69,43,18,23,319,97,246,90,282,83,162,79,50,38,5052,365
9700000US0513930,0513930,"Watson Chapel School District, Arkansas",13764,702,3027,634,1315,392,117,93,61,38,289,144,210,110,438,210,200,96,0,18,1712,363,10737,750,2322,385,173,93,155,89,388,142,497,159,598,184,408,136,103,62,8415,552
9700000US0514010,0514010,"West Fork School District, Arkansas",4788,437,414,190,93,79,24,32,18,27,9,14,28,31,14,17,0,11,0,11,321,148,4374,449,914,205,58,39,50,37,182,84,313,116,169,83,97,50,45,32,3460,320
9700000US0514020,0514020,"Westside School District, Arkansas",4111,377,612,180,111,53,2,4,0,11,20,15,29,21,37,25,23,20,0,11,501,155,3499,385,902,176,7,10,65,41,203,76,136,48,266,81,217,105,8,14,2597,273
9700000US0514040,0514040,"West Side School District, Arkansas",4353,373,808,194,177,99,8,14,40,35,39,37,60,42,26,23,4,6,0,11,631,132,3545,328,424,96,18,15,35,26,49,25,123,44,174,61,25,23,0,11,3121,320
9700000US0514140,0514140,"White Hall School District, Arkansas",13505,753,2431,546,1026,324,107,111,51,40,214,156,204,116,173,104,272,131,5,11,1405,344,11074,704,2745,374,150,91,164,111,550,158,662,182,648,147,501,141,70,36,8329,542
9700000US0514370,0514370,"Wonderview School District, Arkansas",2670,320,422,241,197,151,9,13,10,11,56,47,68,64,49,49,5,8,0,11,225,108,2248,383,598,165,34,37,39,35,132,58,218,84,63,41,88,68,24,33,1650,281
9700000US0514400,0514400,"Woodlawn School District, Arkansas",2908,309,464,168,161,85,12,21,30,23,13,16,45,31,34,49,27,24,0,11,303,120,2444,308,542,137,39,30,27,25,112,46,163,63,120,56,76,47,5,9,1902,227
9700000US0514430,0514430,"Wynne Public Schools, Arkansas",13025,406,2301,527,732,293,94,98,42,42,278,159,146,74,142,107,30,24,0,18,1569,330,10724,543,2597,335,155,90,144,74,615,158,504,118,669,128,421,139,89,51,8127,359
9700000US0514490,0514490,"Yellville-Summit School District, Arkansas",5292,483,1021,273,213,138,34,34,23,26,61,41,48,34,26,31,21,34,0,16,808,214,4271,434,630,191,59,43,12,16,147,87,104,54,145,56,157,92,6,8,3641,362
